{
  "id": "4768923",
  "name": "全栈",
  "font_family": "iconfont",
  "css_prefix_text": "icon-",
  "description": "",
  "glyphs": [
    {
      "icon_id": "2487753",
      "name": "小圆圈",
      "font_class": "xiaoyuanquan",
      "unicode": "e634",
      "unicode_decimal": 58932
    },
    {
      "icon_id": "4933355",
      "name": "联系人",
      "font_class": "lianxiren",
      "unicode": "e73e",
      "unicode_decimal": 59198
    },
    {
      "icon_id": "5961314",
      "name": "摄像机",
      "font_class": "shexiangji",
      "unicode": "ec59",
      "unicode_decimal": 60505
    },
    {
      "icon_id": "767302",
      "name": "图标-43",
      "font_class": "tubiao43",
      "unicode": "e64f",
      "unicode_decimal": 58959
    },
    {
      "icon_id": "5482977",
      "name": "图标库",
      "font_class": "tubiaoku",
      "unicode": "e690",
      "unicode_decimal": 59024
    },
    {
      "icon_id": "5635427",
      "name": "乒乓球",
      "font_class": "tubiao",
      "unicode": "e610",
      "unicode_decimal": 58896
    }
  ]
}
